Year,Session,Sector,Driver1,Driver2,VER_FasterPct,HAM_FasterPct,AvgSpeedDelta_kmh,DominantDriver
2026,FP1,S1,VER,HAM,72.9,27.1,0.0,VER
2026,FP1,S2,VER,HAM,71.1,28.9,3.6,VER
2026,FP1,S3,VER,HAM,64.3,35.7,4.8,VER
2026,FP2,S1,VER,HAM,68.7,31.3,2.0,VER
2026,FP2,S2,VER,HAM,53.6,46.4,2.1,VER
2026,FP2,S3,VER,HAM,60.1,39.9,0.6,VER
2026,FP3,S1,VER,HAM,54.8,45.2,1.4,VER
2026,FP3,S2,VER,HAM,66.3,33.7,1.7,VER
2026,FP3,S3,VER,HAM,52.4,47.6,0.3,VER
2026,Q,S1,VER,HAM,69.9,30.1,1.1,VER
2026,Q,S2,VER,HAM,54.2,45.8,0.2,VER
2026,Q,S3,VER,HAM,79.2,20.8,5.0,VER
