Year,Session,Sector,Driver1,Driver2,RUS_FasterPct,LEC_FasterPct,AvgSpeedDelta_kmh,DominantDriver
2026,FP1,S1,RUS,LEC,50.6,49.4,-1.5,RUS
2026,FP1,S2,RUS,LEC,66.3,33.7,1.1,RUS
2026,FP1,S3,RUS,LEC,89.3,10.7,8.7,RUS
2026,FP2,S1,RUS,LEC,42.2,57.8,-0.0,LEC
2026,FP2,S2,RUS,LEC,58.4,41.6,2.2,RUS
2026,FP2,S3,RUS,LEC,70.2,29.8,2.1,RUS
2026,FP3,S1,RUS,LEC,44.0,56.0,0.2,LEC
2026,FP3,S2,RUS,LEC,65.1,34.9,3.1,RUS
2026,FP3,S3,RUS,LEC,85.7,14.3,4.8,RUS
2026,Q,S1,RUS,LEC,30.1,69.9,-1.3,LEC
2026,Q,S2,RUS,LEC,63.9,36.1,2.8,RUS
2026,Q,S3,RUS,LEC,85.1,14.9,3.2,RUS
